Workbook

Sheet Developer Guide
A1: LUNARA INVENTORY + WEBSITE DATA STRUCTURE
A3: PURPOSE
A4: This workbook is the operational inventory reference for Lunara and is also a handoff document for the website developer.
A6: CORE RULES
A7: 1. One Article No. = one jewellery design.
A8: 2. Finish = Gold or Silver only.
A9: 3. SKU = Article + Finish. Colour does NOT change the SKU.
A10: 4. Colour is optional. Use 'None / Single' when there is no real colour variation.
A11: 5. Rings have an additional Size field.
A12: 6. Quantity is stock for the exact combination in that row.
A13: 7. Gold/Silver should normally be grouped under the same product/design on the website.
A15: SKU FORMAT
... A45: Do not invent colour values. Use None / Single when there is no colour distinction.

Sheet Lists
A1: Category | B1: Code | D1: Finish | E1: Code | G1: Colour | I1: Ring Size
A2: Earrings | B2: EAR | D2: Gold | E2: GD | G2: None / Single | I2: Adjustable
A3: Rings | B3: RNG | D3: Silver | E3: SL | G3: Black | I3: 6
A4: Bracelets | B4: BRC | G4: White | I4: 7
A5: Necklace | B5: NCK | G5: Pearl White | I5: 8
G6: Cream | I6: 9
G7: Beige | I7: 10
G8: Red | I8: 11
G9: Maroon | I9: 12
G10: Pink
G11: Hot Pink
G12: Baby Pink
G13: Fuchsia
G14: Coral
G15: Orange
G16: Yellow
G17: Mustard
G18: Green
G19: Olive
G20: Mint
G21: Emerald
... G32: Other

Sheet Colour Codes
A1: Colour | B1: Meaning
A2: None / Single | B2: No colour selector needed.
A3: Black | B3: Use only when this is an actual product colour.
A4: White | B4: Use only when this is an actual product colour.
A5: Pearl White | B5: Use only when this is an actual product colour.
A6: Cream | B6: Use only when this is an actual product colour.
A7: Beige | B7: Use only when this is an actual product colour.
A8: Red | B8: Use only when this is an actual product colour.
A9: Maroon | B9: Use only when this is an actual product colour.
A10: Pink | B10: Use only when this is an actual product colour.
A11: Hot Pink | B11: Use only when this is an actual product colour.
A12: Baby Pink | B12: Use only when this is an actual product colour.
... A32: Other | B32: Use only when this is an actual product colour.

Sheet Earrings
A1: SKU | B1: Article No. | C1: Product Name | D1: Finish | E1: Colour | F1: Quantity | G1: Cost Price | H1: Selling Price | I1: Status | J1: Photo Ref.
A2: =IF(OR(B2="",D2=""),"","EAR-"&TEXT(B2,"000")&"-"&IFERROR(VLOOKUP(D2,Lists!$D$2:$E$3,2,FALSE),"")) -> EAR-001-GD | B2: 1 | C2: Aveline pearl drop | D2: Gold | E2: Blue | F2: 2 | G2: 2500 | I2: =IF(F2="","",IF(F2=0,"Out of Stock",IF(F2<=2,"Low Stock","Available"))) -> Low Stock
A3: =IF(OR(B3="",D3=""),"","EAR-"&TEXT(B3,"000")&"-"&IFERROR(VLOOKUP(D3,Lists!$D$2:$E$3,2,FALSE),"")) -> EAR-001-GD | B3: 1 | C3: Aveline pearl drop | D3: Gold | E3: Green | F3: 2 | G3: 2500 | I3: =IF(F3="","",IF(F3=0,"Out of Stock",IF(F3<=2,"Low Stock","Available"))) -> Low Stock
A4: =IF(OR(B4="",D4=""),"","EAR-"&TEXT(B4,"000")&"-"&IFERROR(VLOOKUP(D4,Lists!$D$2:$E$3,2,FALSE),"")) -> EAR-001-GD | B4: 1 | C4: Aveline pearl drop | D4: Gold | E4: Red | F4: 2 | G4: 2500 | I4: =IF(F4="","",IF(F4=0,"Out of Stock",IF(F4<=2,"Low Stock","Available"))) -> Low Stock
A5: =IF(OR(B5="",D5=""),"","EAR-"&TEXT(B5,"000")&"-"&IFERROR(VLOOKUP(D5,Lists!$D$2:$E$3,2,FALSE),"")) -> EAR-001-SL | B5: 1 | C5: Aveline pearl drop | D5: Silver | E5: Blue | F5: 2 | G5: 2500 | I5: =IF(F5="","",IF(F5=0,"Out of Stock",IF(F5<=2,"Low Stock","Available"))) -> Low Stock
A6: =IF(OR(B6="",D6=""),"","EAR-"&TEXT(B6,"000")&"-"&IFERROR(VLOOKUP(D6,Lists!$D$2:$E$3,2,FALSE),"")) -> EAR-001-SL | B6: 1 | C6: Aveline pearl drop | D6: Silver | E6: Green | F6: 2 | G6: 2500 | I6: =IF(F6="","",IF(F6=0,"Out of Stock",IF(F6<=2,"Low Stock","Available"))) -> Low Stock
A7: =IF(OR(B7="",D7=""),"","EAR-"&TEXT(B7,"000")&"-"&IFERROR(VLOOKUP(D7,Lists!$D$2:$E$3,2,FALSE),"")) -> EAR-001-SL | B7: 1 | C7: Aveline pearl drop | D7: Silver | E7: Red | F7: 2 | G7: 2500 | I7: =IF(F7="","",IF(F7=0,"Out of Stock",IF(F7<=2,"Low Stock","Available"))) -> Low Stock
A8: =IF(OR(B8="",D8=""),"","EAR-"&TEXT(B8,"000")&"-"&IFERROR(VLOOKUP(D8,Lists!$D$2:$E$3,2,FALSE),"")) -> EAR-002-GD | B8: 2 | C8: Celine Floral Bunch | D8: Gold | E8: Pink | F8: 2 | G8: 3000 | I8: =IF(F8="","",IF(F8=0,"Out of Stock",IF(F8<=2,"Low Stock","Available"))) -> Low Stock
A9: =IF(OR(B9="",D9=""),"","EAR-"&TEXT(B9,"000")&"-"&IFERROR(VLOOKUP(D9,Lists!$D$2:$E$3,2,FALSE),"")) -> EAR-002-GD | B9: 2 | C9: Celine Floral Bunch | D9: Gold | E9: Green | F9: 1 | G9: 3000 | I9: =IF(F9="","",IF(F9=0,"Out of Stock",IF(F9<=2,"Low Stock","Available"))) -> Low Stock
A10: =IF(OR(B10="",D10=""),"","EAR-"&TEXT(B10,"000")&"-"&IFERROR(VLOOKUP(D10,Lists!$D$2:$E$3,2,FALSE),"")) -> EAR-002-SL | B10: 2 | C10: Celine Floral Bunch | D10: Silver | E10: Blue | F10: 1 | G10: 3000 | I10: =IF(F10="","",IF(F10=0,"Out of Stock",IF(F10<=2,"Low Stock","Available"))) -> Low Stock
A11: =IF(OR(B11="",D11=""),"","EAR-"&TEXT(B11,"000")&"-"&IFERROR(VLOOKUP(D11,Lists!$D$2:$E$3,2,FALSE),"")) -> EAR-002-SL | B11: 2 | C11: Celine Floral Bunch | D11: Silver | E11: Pink | F11: 1 | G11: 3000 | I11: =IF(F11="","",IF(F11=0,"Out of Stock",IF(F11<=2,"Low Stock","Available"))) -> Low Stock
A12: =IF(OR(B12="",D12=""),"","EAR-"&TEXT(B12,"000")&"-"&IFERROR(VLOOKUP(D12,Lists!$D$2:$E$3,2,FALSE),"")) -> EAR-002-SL | B12: 2 | C12: Celine Floral Bunch | D12: Silver | E12: Green | F12: 1 | G12: 3000 | I12: =IF(F12="","",IF(F12=0,"Out of Stock",IF(F12<=2,"Low Stock","Available"))) -> Low Stock
A13: =IF(OR(B13="",D13=""),"","EAR-"&TEXT(B13,"000")&"-"&IFERROR(VLOOKUP(D13,Lists!$D$2:$E$3,2,FALSE),"")) -> EAR-003-GD | B13: 3 | C13: Madeleine | D13: Gold | E13: Blue | F13: 4 | G13: 5000 | I13: =IF(F13="","",IF(F13=0,"Out of Stock",IF(F13<=2,"Low Stock","Available"))) -> Available
... A16: =IF(OR(B16="",D16=""),"","EAR-"&TEXT(B16,"000")&"-"&IFERROR(VLOOKUP(D16,Lists!$D$2:$E$3,2,FALSE),"")) -> EAR-003-SL | B16: 3 | C16: Madeleine | D16: Silver | E16: Red | F16: 2 | G16: 5000 | I16: =IF(F16="","",IF(F16=0,"Out of Stock",IF(F16<=2,"Low Stock","Available"))) -> Low Stock
A17: =IF(OR(B17="",D17=""),"","EAR-"&TEXT(B17,"000")&"-"&IFERROR(VLOOKUP(D17,Lists!$D$2:$E$3,2,FALSE),"")) | I17: =IF(F17="","",IF(F17=0,"Out of Stock",IF(F17<=2,"Low Stock","Available")))
A18: =IF(OR(B18="",D18=""),"","EAR-"&TEXT(B18,"000")&"-"&IFERROR(VLOOKUP(D18,Lists!$D$2:$E$3,2,FALSE),"")) | I18: =IF(F18="","",IF(F18=0,"Out of Stock",IF(F18<=2,"Low Stock","Available")))
A19: =IF(OR(B19="",D19=""),"","EAR-"&TEXT(B19,"000")&"-"&IFERROR(VLOOKUP(D19,Lists!$D$2:$E$3,2,FALSE),"")) | I19: =IF(F19="","",IF(F19=0,"Out of Stock",IF(F19<=2,"Low Stock","Available")))
A20: =IF(OR(B20="",D20=""),"","EAR-"&TEXT(B20,"000")&"-"&IFERROR(VLOOKUP(D20,Lists!$D$2:$E$3,2,FALSE),"")) | I20: =IF(F20="","",IF(F20=0,"Out of Stock",IF(F20<=2,"Low Stock","Available")))
A21: =IF(OR(B21="",D21=""),"","EAR-"&TEXT(B21,"000")&"-"&IFERROR(VLOOKUP(D21,Lists!$D$2:$E$3,2,FALSE),"")) | I21: =IF(F21="","",IF(F21=0,"Out of Stock",IF(F21<=2,"Low Stock","Available")))
A22: =IF(OR(B22="",D22=""),"","EAR-"&TEXT(B22,"000")&"-"&IFERROR(VLOOKUP(D22,Lists!$D$2:$E$3,2,FALSE),"")) | I22: =IF(F22="","",IF(F22=0,"Out of Stock",IF(F22<=2,"Low Stock","Available")))
A23: =IF(OR(B23="",D23=""),"","EAR-"&TEXT(B23,"000")&"-"&IFERROR(VLOOKUP(D23,Lists!$D$2:$E$3,2,FALSE),"")) | I23: =IF(F23="","",IF(F23=0,"Out of Stock",IF(F23<=2,"Low Stock","Available")))
A24: =IF(OR(B24="",D24=""),"","EAR-"&TEXT(B24,"000")&"-"&IFERROR(VLOOKUP(D24,Lists!$D$2:$E$3,2,FALSE),"")) | I24: =IF(F24="","",IF(F24=0,"Out of Stock",IF(F24<=2,"Low Stock","Available")))
A25: =IF(OR(B25="",D25=""),"","EAR-"&TEXT(B25,"000")&"-"&IFERROR(VLOOKUP(D25,Lists!$D$2:$E$3,2,FALSE),"")) | I25: =IF(F25="","",IF(F25=0,"Out of Stock",IF(F25<=2,"Low Stock","Available")))
A26: =IF(OR(B26="",D26=""),"","EAR-"&TEXT(B26,"000")&"-"&IFERROR(VLOOKUP(D26,Lists!$D$2:$E$3,2,FALSE),"")) | I26: =IF(F26="","",IF(F26=0,"Out of Stock",IF(F26<=2,"Low Stock","Available")))
A27: =IF(OR(B27="",D27=""),"","EAR-"&TEXT(B27,"000")&"-"&IFERROR(VLOOKUP(D27,Lists!$D$2:$E$3,2,FALSE),"")) | I27: =IF(F27="","",IF(F27=0,"Out of Stock",IF(F27<=2,"Low Stock","Available")))
A28: =IF(OR(B28="",D28=""),"","EAR-"&TEXT(B28,"000")&"-"&IFERROR(VLOOKUP(D28,Lists!$D$2:$E$3,2,FALSE),"")) | I28: =IF(F28="","",IF(F28=0,"Out of Stock",IF(F28<=2,"Low Stock","Available")))
... A501: =IF(OR(B501="",D501=""),"","EAR-"&TEXT(B501,"000")&"-"&IFERROR(VLOOKUP(D501,Lists!$D$2:$E$3,2,FALSE),"")) | I501: =IF(F501="","",IF(F501=0,"Out of Stock",IF(F501<=2,"Low Stock","Available")))

Sheet Rings
A1: SKU | B1: Article No. | C1: Product Name | D1: Finish | E1: Colour | F1: Size | G1: Quantity | H1: Cost Price | I1: Selling Price | J1: Status | K1: Photo Ref.
A2: =IF(OR(B2="",D2=""),"","RNG-"&TEXT(B2,"000")&"-"&IFERROR(VLOOKUP(D2,Lists!$D$2:$E$3,2,FALSE),"")) -> RNG-001-SL | B2: 1 | C2: Flower Bloom | D2: Silver | E2: None / Single | F2: 9 | G2: 1 | J2: =IF(G2="","",IF(G2=0,"Out of Stock",IF(G2<=2,"Low Stock","Available"))) -> Low Stock
A3: =IF(OR(B3="",D3=""),"","RNG-"&TEXT(B3,"000")&"-"&IFERROR(VLOOKUP(D3,Lists!$D$2:$E$3,2,FALSE),"")) -> RNG-002-GD | B3: 2 | C3: Caroline | D3: Gold | E3: None / Single | F3: 8 | G3: 1 | J3: =IF(G3="","",IF(G3=0,"Out of Stock",IF(G3<=2,"Low Stock","Available"))) -> Low Stock
A4: =IF(OR(B4="",D4=""),"","RNG-"&TEXT(B4,"000")&"-"&IFERROR(VLOOKUP(D4,Lists!$D$2:$E$3,2,FALSE),"")) -> RNG-002-GD | B4: 2 | C4: Caroline | D4: Gold | E4: None / Single | F4: 8 | G4: 1 | J4: =IF(G4="","",IF(G4=0,"Out of Stock",IF(G4<=2,"Low Stock","Available"))) -> Low Stock
A5: =IF(OR(B5="",D5=""),"","RNG-"&TEXT(B5,"000")&"-"&IFERROR(VLOOKUP(D5,Lists!$D$2:$E$3,2,FALSE),"")) | J5: =IF(G5="","",IF(G5=0,"Out of Stock",IF(G5<=2,"Low Stock","Available")))
A6: =IF(OR(B6="",D6=""),"","RNG-"&TEXT(B6,"000")&"-"&IFERROR(VLOOKUP(D6,Lists!$D$2:$E$3,2,FALSE),"")) | J6: =IF(G6="","",IF(G6=0,"Out of Stock",IF(G6<=2,"Low Stock","Available")))
A7: =IF(OR(B7="",D7=""),"","RNG-"&TEXT(B7,"000")&"-"&IFERROR(VLOOKUP(D7,Lists!$D$2:$E$3,2,FALSE),"")) | J7: =IF(G7="","",IF(G7=0,"Out of Stock",IF(G7<=2,"Low Stock","Available")))
A8: =IF(OR(B8="",D8=""),"","RNG-"&TEXT(B8,"000")&"-"&IFERROR(VLOOKUP(D8,Lists!$D$2:$E$3,2,FALSE),"")) | J8: =IF(G8="","",IF(G8=0,"Out of Stock",IF(G8<=2,"Low Stock","Available")))
A9: =IF(OR(B9="",D9=""),"","RNG-"&TEXT(B9,"000")&"-"&IFERROR(VLOOKUP(D9,Lists!$D$2:$E$3,2,FALSE),"")) | J9: =IF(G9="","",IF(G9=0,"Out of Stock",IF(G9<=2,"Low Stock","Available")))
A10: =IF(OR(B10="",D10=""),"","RNG-"&TEXT(B10,"000")&"-"&IFERROR(VLOOKUP(D10,Lists!$D$2:$E$3,2,FALSE),"")) | J10: =IF(G10="","",IF(G10=0,"Out of Stock",IF(G10<=2,"Low Stock","Available")))
A11: =IF(OR(B11="",D11=""),"","RNG-"&TEXT(B11,"000")&"-"&IFERROR(VLOOKUP(D11,Lists!$D$2:$E$3,2,FALSE),"")) | J11: =IF(G11="","",IF(G11=0,"Out of Stock",IF(G11<=2,"Low Stock","Available")))
A12: =IF(OR(B12="",D12=""),"","RNG-"&TEXT(B12,"000")&"-"&IFERROR(VLOOKUP(D12,Lists!$D$2:$E$3,2,FALSE),"")) | J12: =IF(G12="","",IF(G12=0,"Out of Stock",IF(G12<=2,"Low Stock","Available")))
A13: =IF(OR(B13="",D13=""),"","RNG-"&TEXT(B13,"000")&"-"&IFERROR(VLOOKUP(D13,Lists!$D$2:$E$3,2,FALSE),"")) | J13: =IF(G13="","",IF(G13=0,"Out of Stock",IF(G13<=2,"Low Stock","Available")))
A14: =IF(OR(B14="",D14=""),"","RNG-"&TEXT(B14,"000")&"-"&IFERROR(VLOOKUP(D14,Lists!$D$2:$E$3,2,FALSE),"")) | J14: =IF(G14="","",IF(G14=0,"Out of Stock",IF(G14<=2,"Low Stock","Available")))
A15: =IF(OR(B15="",D15=""),"","RNG-"&TEXT(B15,"000")&"-"&IFERROR(VLOOKUP(D15,Lists!$D$2:$E$3,2,FALSE),"")) | J15: =IF(G15="","",IF(G15=0,"Out of Stock",IF(G15<=2,"Low Stock","Available")))
A16: =IF(OR(B16="",D16=""),"","RNG-"&TEXT(B16,"000")&"-"&IFERROR(VLOOKUP(D16,Lists!$D$2:$E$3,2,FALSE),"")) | J16: =IF(G16="","",IF(G16=0,"Out of Stock",IF(G16<=2,"Low Stock","Available")))
... A501: =IF(OR(B501="",D501=""),"","RNG-"&TEXT(B501,"000")&"-"&IFERROR(VLOOKUP(D501,Lists!$D$2:$E$3,2,FALSE),"")) | J501: =IF(G501="","",IF(G501=0,"Out of Stock",IF(G501<=2,"Low Stock","Available")))
B502: 1 | C502: Celeste Ring | D502: Gold | E502: Blue | F502: 7 | G502: 2 | H502: 0 | I502: 0 | K502: CR-001-BL-GD
B503: 1 | C503: Celeste Ring | D503: Gold | E503: Blue | F503: 8 | G503: 3 | H503: 0 | I503: 0 | K503: CR-001-BL-GD
B504: 1 | C504: Celeste Ring | D504: Silver | E504: Blue | F504: 7 | G504: 1 | H504: 0 | I504: 0 | K504: CR-001-BL-SL
B505: 2 | C505: Classic Band Ring | D505: Gold | E505: None / Single | F505: Adjustable | G505: 4 | H505: 0 | I505: 0 | K505: CB-002-GD

Sheet Bracelets
A1: SKU | B1: Article No. | C1: Product Name | D1: Finish | E1: Colour | F1: Quantity | G1: Cost Price | H1: Selling Price | I1: Status | J1: Photo Ref.
A2: =IF(OR(B2="",D2=""),"","BRC-"&TEXT(B2,"000")&"-"&IFERROR(VLOOKUP(D2,Lists!$D$2:$E$3,2,FALSE),"")) | I2: =IF(F2="","",IF(F2=0,"Out of Stock",IF(F2<=2,"Low Stock","Available")))
A3: =IF(OR(B3="",D3=""),"","BRC-"&TEXT(B3,"000")&"-"&IFERROR(VLOOKUP(D3,Lists!$D$2:$E$3,2,FALSE),"")) | I3: =IF(F3="","",IF(F3=0,"Out of Stock",IF(F3<=2,"Low Stock","Available")))
A4: =IF(OR(B4="",D4=""),"","BRC-"&TEXT(B4,"000")&"-"&IFERROR(VLOOKUP(D4,Lists!$D$2:$E$3,2,FALSE),"")) | I4: =IF(F4="","",IF(F4=0,"Out of Stock",IF(F4<=2,"Low Stock","Available")))
A5: =IF(OR(B5="",D5=""),"","BRC-"&TEXT(B5,"000")&"-"&IFERROR(VLOOKUP(D5,Lists!$D$2:$E$3,2,FALSE),"")) | I5: =IF(F5="","",IF(F5=0,"Out of Stock",IF(F5<=2,"Low Stock","Available")))
A6: =IF(OR(B6="",D6=""),"","BRC-"&TEXT(B6,"000")&"-"&IFERROR(VLOOKUP(D6,Lists!$D$2:$E$3,2,FALSE),"")) | I6: =IF(F6="","",IF(F6=0,"Out of Stock",IF(F6<=2,"Low Stock","Available")))
A7: =IF(OR(B7="",D7=""),"","BRC-"&TEXT(B7,"000")&"-"&IFERROR(VLOOKUP(D7,Lists!$D$2:$E$3,2,FALSE),"")) | I7: =IF(F7="","",IF(F7=0,"Out of Stock",IF(F7<=2,"Low Stock","Available")))
A8: =IF(OR(B8="",D8=""),"","BRC-"&TEXT(B8,"000")&"-"&IFERROR(VLOOKUP(D8,Lists!$D$2:$E$3,2,FALSE),"")) | I8: =IF(F8="","",IF(F8=0,"Out of Stock",IF(F8<=2,"Low Stock","Available")))
A9: =IF(OR(B9="",D9=""),"","BRC-"&TEXT(B9,"000")&"-"&IFERROR(VLOOKUP(D9,Lists!$D$2:$E$3,2,FALSE),"")) | I9: =IF(F9="","",IF(F9=0,"Out of Stock",IF(F9<=2,"Low Stock","Available")))
A10: =IF(OR(B10="",D10=""),"","BRC-"&TEXT(B10,"000")&"-"&IFERROR(VLOOKUP(D10,Lists!$D$2:$E$3,2,FALSE),"")) | I10: =IF(F10="","",IF(F10=0,"Out of Stock",IF(F10<=2,"Low Stock","Available")))
A11: =IF(OR(B11="",D11=""),"","BRC-"&TEXT(B11,"000")&"-"&IFERROR(VLOOKUP(D11,Lists!$D$2:$E$3,2,FALSE),"")) | I11: =IF(F11="","",IF(F11=0,"Out of Stock",IF(F11<=2,"Low Stock","Available")))
A12: =IF(OR(B12="",D12=""),"","BRC-"&TEXT(B12,"000")&"-"&IFERROR(VLOOKUP(D12,Lists!$D$2:$E$3,2,FALSE),"")) | I12: =IF(F12="","",IF(F12=0,"Out of Stock",IF(F12<=2,"Low Stock","Available")))
A13: =IF(OR(B13="",D13=""),"","BRC-"&TEXT(B13,"000")&"-"&IFERROR(VLOOKUP(D13,Lists!$D$2:$E$3,2,FALSE),"")) | I13: =IF(F13="","",IF(F13=0,"Out of Stock",IF(F13<=2,"Low Stock","Available")))
... A501: =IF(OR(B501="",D501=""),"","BRC-"&TEXT(B501,"000")&"-"&IFERROR(VLOOKUP(D501,Lists!$D$2:$E$3,2,FALSE),"")) | I501: =IF(F501="","",IF(F501=0,"Out of Stock",IF(F501<=2,"Low Stock","Available")))
B502: 1 | C502: Pearl Chain Bracelet | D502: Gold | E502: None / Single | F502: 5 | G502: 0 | H502: 0 | J502: PCB-001-GD
B503: 1 | C503: Pearl Chain Bracelet | D503: Silver | E503: None / Single | F503: 3 | G503: 0 | H503: 0 | J503: PCB-001-SL
B504: 2 | C504: Bloom Bracelet | D504: Gold | E504: Pink | F504: 2 | G504: 0 | H504: 0 | J504: BB-002-PK-GD

Sheet Necklace
A1: SKU | B1: Article No. | C1: Product Name | D1: Finish | E1: Colour | F1: Quantity | G1: Cost Price | H1: Selling Price | I1: Status | J1: Photo Ref.
A2: =IF(OR(B2="",D2=""),"","NCK-"&TEXT(B2,"000")&"-"&IFERROR(VLOOKUP(D2,Lists!$D$2:$E$3,2,FALSE),"")) -> NCK-001-SL | B2: 1 | C2: whirls | D2: Silver | E2: Maroon | F2: 1 | G2: 10000 | I2: =IF(F2="","",IF(F2=0,"Out of Stock",IF(F2<=2,"Low Stock","Available"))) -> Low Stock
A3: =IF(OR(B3="",D3=""),"","NCK-"&TEXT(B3,"000")&"-"&IFERROR(VLOOKUP(D3,Lists!$D$2:$E$3,2,FALSE),"")) -> NCK-002-GD | B3: 2 | C3: Lumina Arc | D3: Gold | E3: None / Single | F3: 1 | G3: 12000 | I3: =IF(F3="","",IF(F3=0,"Out of Stock",IF(F3<=2,"Low Stock","Available"))) -> Low Stock
A4: =IF(OR(B4="",D4=""),"","NCK-"&TEXT(B4,"000")&"-"&IFERROR(VLOOKUP(D4,Lists!$D$2:$E$3,2,FALSE),"")) -> NCK-003-SL | B4: 3 | C4: Aura drop | D4: Silver | E4: Blue | F4: 1 | G4: 12000 | I4: =IF(F4="","",IF(F4=0,"Out of Stock",IF(F4<=2,"Low Stock","Available"))) -> Low Stock
A5: =IF(OR(B5="",D5=""),"","NCK-"&TEXT(B5,"000")&"-"&IFERROR(VLOOKUP(D5,Lists!$D$2:$E$3,2,FALSE),"")) -> NCK-003-SL | B5: 3 | C5: Aura drop | D5: Silver | E5: Green | F5: 1 | G5: 12000 | I5: =IF(F5="","",IF(F5=0,"Out of Stock",IF(F5<=2,"Low Stock","Available"))) -> Low Stock
A6: =IF(OR(B6="",D6=""),"","NCK-"&TEXT(B6,"000")&"-"&IFERROR(VLOOKUP(D6,Lists!$D$2:$E$3,2,FALSE),"")) -> NCK-004-SL | B6: 4 | C6: Cascade | D6: Silver | E6: None / Single | F6: 1 | G6: 6000 | I6: =IF(F6="","",IF(F6=0,"Out of Stock",IF(F6<=2,"Low Stock","Available"))) -> Low Stock
A7: =IF(OR(B7="",D7=""),"","NCK-"&TEXT(B7,"000")&"-"&IFERROR(VLOOKUP(D7,Lists!$D$2:$E$3,2,FALSE),"")) | I7: =IF(F7="","",IF(F7=0,"Out of Stock",IF(F7<=2,"Low Stock","Available")))
A8: =IF(OR(B8="",D8=""),"","NCK-"&TEXT(B8,"000")&"-"&IFERROR(VLOOKUP(D8,Lists!$D$2:$E$3,2,FALSE),"")) | I8: =IF(F8="","",IF(F8=0,"Out of Stock",IF(F8<=2,"Low Stock","Available")))
A9: =IF(OR(B9="",D9=""),"","NCK-"&TEXT(B9,"000")&"-"&IFERROR(VLOOKUP(D9,Lists!$D$2:$E$3,2,FALSE),"")) | I9: =IF(F9="","",IF(F9=0,"Out of Stock",IF(F9<=2,"Low Stock","Available")))
A10: =IF(OR(B10="",D10=""),"","NCK-"&TEXT(B10,"000")&"-"&IFERROR(VLOOKUP(D10,Lists!$D$2:$E$3,2,FALSE),"")) | I10: =IF(F10="","",IF(F10=0,"Out of Stock",IF(F10<=2,"Low Stock","Available")))
A11: =IF(OR(B11="",D11=""),"","NCK-"&TEXT(B11,"000")&"-"&IFERROR(VLOOKUP(D11,Lists!$D$2:$E$3,2,FALSE),"")) | I11: =IF(F11="","",IF(F11=0,"Out of Stock",IF(F11<=2,"Low Stock","Available")))
A12: =IF(OR(B12="",D12=""),"","NCK-"&TEXT(B12,"000")&"-"&IFERROR(VLOOKUP(D12,Lists!$D$2:$E$3,2,FALSE),"")) | I12: =IF(F12="","",IF(F12=0,"Out of Stock",IF(F12<=2,"Low Stock","Available")))
A13: =IF(OR(B13="",D13=""),"","NCK-"&TEXT(B13,"000")&"-"&IFERROR(VLOOKUP(D13,Lists!$D$2:$E$3,2,FALSE),"")) | I13: =IF(F13="","",IF(F13=0,"Out of Stock",IF(F13<=2,"Low Stock","Available")))
A14: =IF(OR(B14="",D14=""),"","NCK-"&TEXT(B14,"000")&"-"&IFERROR(VLOOKUP(D14,Lists!$D$2:$E$3,2,FALSE),"")) | I14: =IF(F14="","",IF(F14=0,"Out of Stock",IF(F14<=2,"Low Stock","Available")))
A15: =IF(OR(B15="",D15=""),"","NCK-"&TEXT(B15,"000")&"-"&IFERROR(VLOOKUP(D15,Lists!$D$2:$E$3,2,FALSE),"")) | I15: =IF(F15="","",IF(F15=0,"Out of Stock",IF(F15<=2,"Low Stock","Available")))
A16: =IF(OR(B16="",D16=""),"","NCK-"&TEXT(B16,"000")&"-"&IFERROR(VLOOKUP(D16,Lists!$D$2:$E$3,2,FALSE),"")) | I16: =IF(F16="","",IF(F16=0,"Out of Stock",IF(F16<=2,"Low Stock","Available")))
A17: =IF(OR(B17="",D17=""),"","NCK-"&TEXT(B17,"000")&"-"&IFERROR(VLOOKUP(D17,Lists!$D$2:$E$3,2,FALSE),"")) | I17: =IF(F17="","",IF(F17=0,"Out of Stock",IF(F17<=2,"Low Stock","Available")))
A18: =IF(OR(B18="",D18=""),"","NCK-"&TEXT(B18,"000")&"-"&IFERROR(VLOOKUP(D18,Lists!$D$2:$E$3,2,FALSE),"")) | I18: =IF(F18="","",IF(F18=0,"Out of Stock",IF(F18<=2,"Low Stock","Available")))
... A501: =IF(OR(B501="",D501=""),"","NCK-"&TEXT(B501,"000")&"-"&IFERROR(VLOOKUP(D501,Lists!$D$2:$E$3,2,FALSE),"")) | I501: =IF(F501="","",IF(F501=0,"Out of Stock",IF(F501<=2,"Low Stock","Available")))
B502: 1 | C502: Celestial Pendant | D502: Gold | E502: Blue | F502: 3 | G502: 0 | H502: 0 | J502: CP-001-BL-GD
B503: 1 | C503: Celestial Pendant | D503: Silver | E503: Blue | F503: 2 | G503: 0 | H503: 0 | J503: CP-001-BL-SL
B504: 2 | C504: Classic Pearl Necklace | D504: Gold | E504: None / Single | F504: 4 | G504: 0 | H504: 0 | J504: CPN-002-GD

Sheet How to Use
A1: LUNARA — QUICK USER GUIDE
A3: 1. Open the correct category tab.
A4: 2. Give each new design the next Article No.: 001, 002, 003...
A5: 3. Enter Product Name.
A6: 4. Select Gold or Silver from Finish.
A7: 5. Select Colour only if the product genuinely has colour variations. Otherwise select None / Single.
A8: 6. Rings: select the ring Size.
A9: 7. Enter Quantity, Cost Price and Selling Price.
A10: 8. SKU and Status are automatic.
A12: SKU EXAMPLE:
A13: Article 001 + Gold = EAR-001-GD
A14: Article 001 + Silver = EAR-001-SL
... A18: One design/product page → Finish first → show Colour only when applicable → display matching images and stock.
